{"loss": [0.023885099217295647, 0.010467947460711002, 0.006037124898284674, 0.0033571163658052683, 0.0019057217286899686, 0.001271102111786604, 0.0010847358498722315, 0.0010414761491119862, 0.0009814094519242644, 0.0009609948028810322, 0.0009463932365179062, 0.0009064540499821305, 0.0008838072535581887, 0.0007510517025366426, 0.0007135078776627779, 0.0007095587207004428, 0.0006369740585796535, 0.0006145499646663666, 0.0005950647755526006, 0.0005980875575914979, 0.0005536896642297506, 0.0005355481407605112, 0.0005286422674544156, 0.0005322671495378017, 0.0005093677900731564, 0.0005014777998439968, 0.0004969865549355745, 0.00048269444960169494, 0.00048655341379344463, 0.0004744025063700974, 0.0004740410658996552, 0.0004729162610601634, 0.00047268200432881713, 0.0004709024215117097, 0.0004702931619249284, 0.0004628412425518036, 0.00045806317939423025, 0.0004627782036550343, 0.0004668853071052581, 0.00046444678446277976], "mae": [0.058842696249485016, 0.032003723084926605, 0.026903176680207253, 0.024283504113554955, 0.02262936159968376, 0.021350476890802383, 0.020810242742300034, 0.02058880776166916, 0.01986950822174549, 0.019597718492150307, 0.01941295899450779, 0.01883631758391857, 0.01853298768401146, 0.016968294978141785, 0.01671031303703785, 0.01677802950143814, 0.015776803717017174, 0.015612458810210228, 0.015432555228471756, 0.01557172555476427, 0.014868446625769138, 0.014619195833802223, 0.014524024911224842, 0.014694547280669212, 0.014272496104240417, 0.014165540225803852, 0.014094173908233643, 0.01394105888903141, 0.014029917307198048, 0.013802309520542622, 0.01379762589931488, 0.013830616138875484, 0.013820044696331024, 0.013798330910503864, 0.01372500043362379, 0.013682783581316471, 0.01361388061195612, 0.013692026026546955, 0.013772265054285526, 0.01373246405273676], "val_loss": [0.012743055820465088, 0.007338030729442835, 0.004193450789898634, 0.0024553961120545864, 0.0013797342544421554, 0.0014572176150977612, 0.001014241948723793, 0.0013879545731469989, 0.0010473993606865406, 0.000566997507121414, 0.0011317655444145203, 0.0007665919838473201, 0.000669039785861969, 0.0006400265847332776, 0.0005476477672345936, 0.0005837028147652745, 0.00039538322016596794, 0.0004769807565025985, 0.0004781105672009289, 0.00041635025991126895, 0.00034714690991677344, 0.0003990981203969568, 0.0003445920010562986, 0.0003396687388885766, 0.00042199940071441233, 0.00034204471739940345, 0.0003362708375789225, 0.00034256759681738913, 0.00034337068791501224, 0.0003461509186308831, 0.00032497747451998293, 0.00034063906059600413, 0.0003377097600605339, 0.00033490487840026617, 0.0003470155061222613, 0.0003351374762132764, 0.0003280462697148323, 0.00033354395418427885, 0.0003356014785822481, 0.00033021706622093916], "val_mae": [0.028355300426483154, 0.022773083299398422, 0.02284751832485199, 0.02280838042497635, 0.021314265206456184, 0.025005094707012177, 0.020445112138986588, 0.02723018266260624, 0.022009091451764107, 0.012188010849058628, 0.023237604647874832, 0.016473641619086266, 0.01371983252465725, 0.014611679129302502, 0.012954486533999443, 0.013581273145973682, 0.009776883758604527, 0.01215075422078371, 0.012737131677567959, 0.011315412819385529, 0.009119006805121899, 0.010740685276687145, 0.009296395815908909, 0.00945703499019146, 0.012096905149519444, 0.009691388346254826, 0.01007877103984356, 0.00972431618720293, 0.010025197640061378, 0.009892705827951431, 0.009441846050322056, 0.009913879446685314, 0.00965177919715643, 0.009675594978034496, 0.010023337788879871, 0.009763759560883045, 0.009502196684479713, 0.009666791185736656, 0.00981097761541605, 0.009623963385820389], "lr": [0.0010000000474974513, 0.0010000000474974513, 0.0010000000474974513, 0.0010000000474974513, 0.0010000000474974513, 0.0010000000474974513, 0.0010000000474974513, 0.0010000000474974513, 0.0010000000474974513, 0.0010000000474974513, 0.0010000000474974513, 0.0010000000474974513, 0.0010000000474974513, 0.0005000000237487257, 0.0005000000237487257, 0.0005000000237487257, 0.0002500000118743628, 0.0002500000118743628, 0.0002500000118743628, 0.0002500000118743628, 0.0001250000059371814, 0.0001250000059371814, 0.0001250000059371814, 0.0001250000059371814, 6.25000029685907e-05, 6.25000029685907e-05, 6.25000029685907e-05, 3.125000148429535e-05, 3.125000148429535e-05, 3.125000148429535e-05, 1.5625000742147677e-05, 1.5625000742147677e-05, 1.5625000742147677e-05, 7.812500371073838e-06, 7.812500371073838e-06, 7.812500371073838e-06, 3.906250185536919e-06, 3.906250185536919e-06, 3.906250185536919e-06, 1.9531250927684596e-06]}