{"loss": [0.06684042513370514, 0.03764139860868454, 0.03322974964976311, 0.03270314261317253, 0.028647582978010178, 0.026127876713871956, 0.024473419412970543, 0.024325300008058548, 0.02227991819381714, 0.02237415499985218, 0.0216987244784832, 0.0204598568379879, 0.021079419180750847, 0.020738966763019562, 0.019945666193962097, 0.019557883962988853, 0.02013525366783142, 0.01905777119100094, 0.017890358343720436, 0.017526214942336082, 0.016547057777643204, 0.01648375391960144, 0.016573123633861542, 0.01679718866944313, 0.016029532998800278, 0.01610243320465088, 0.015651771798729897, 0.015850625932216644, 0.01574818603694439, 0.015501732937991619, 0.015496308915317059, 0.01514426153153181, 0.015145414508879185, 0.015155274420976639, 0.015237507410347462, 0.014551513828337193, 0.014867941848933697, 0.014791889116168022, 0.01466531865298748, 0.014868448488414288, 0.014247389510273933, 0.014253188855946064, 0.014309202320873737, 0.014234252274036407, 0.014863390475511551, 0.014607826247811317, 0.014368855394423008, 0.014550397172570229, 0.014428888447582722, 0.014532098546624184], "mae": [0.13971439003944397, 0.10003931075334549, 0.08901458978652954, 0.088347889482975, 0.07824540883302689, 0.07220898568630219, 0.06845145672559738, 0.0672532469034195, 0.06323731690645218, 0.06381017714738846, 0.061562199145555496, 0.06072276458144188, 0.06197984889149666, 0.06014120951294899, 0.0598367303609848, 0.05812402814626694, 0.060929663479328156, 0.059174440801143646, 0.05570024624466896, 0.05465839430689812, 0.05231123045086861, 0.05334271118044853, 0.05308286473155022, 0.05504641681909561, 0.050710953772068024, 0.052309826016426086, 0.05142366513609886, 0.051536962389945984, 0.051367659121751785, 0.05080077424645424, 0.05101870745420456, 0.050360407680273056, 0.05020248889923096, 0.051335666328668594, 0.051499057561159134, 0.04855307564139366, 0.050175316631793976, 0.04920479655265808, 0.04928063601255417, 0.04966447129845619, 0.04786987230181694, 0.04817672446370125, 0.04729723185300827, 0.04821135848760605, 0.05002635717391968, 0.048286158591508865, 0.04848748445510864, 0.04869050160050392, 0.04788032919168472, 0.04767879843711853], "val_loss": [0.04555565491318703, 0.046619899570941925, 0.04486649110913277, 0.06468174606561661, 0.06193085014820099, 0.049730196595191956, 0.042420849204063416, 0.02936917543411255, 0.02360760234296322, 0.02372204139828682, 0.021746912971138954, 0.026166442781686783, 0.023450719192624092, 0.020734267309308052, 0.021066725254058838, 0.018385492265224457, 0.01969987526535988, 0.018526967614889145, 0.01903342641890049, 0.018412437289953232, 0.018070034682750702, 0.018904726952314377, 0.018572106957435608, 0.01844104193150997, 0.017245803028345108, 0.01751723326742649, 0.017142973840236664, 0.017961688339710236, 0.0168069526553154, 0.016611117869615555, 0.016566094011068344, 0.017012493684887886, 0.01725112646818161, 0.016402075067162514, 0.016138790175318718, 0.017533913254737854, 0.016879891976714134, 0.016250107437372208, 0.01602967083454132, 0.016157545149326324, 0.015872227028012276, 0.015973199158906937, 0.016131384298205376, 0.016130080446600914, 0.01691235788166523, 0.016337774693965912, 0.01636296883225441, 0.016125285997986794, 0.015898412093520164, 0.016069626435637474], "val_mae": [0.12404731661081314, 0.1417611539363861, 0.1391102820634842, 0.18351086974143982, 0.17508985102176666, 0.1432834416627884, 0.12858617305755615, 0.08819226920604706, 0.07028175890445709, 0.06828077137470245, 0.06480058282613754, 0.07332850992679596, 0.06585367769002914, 0.05753028392791748, 0.06120846047997475, 0.05409645289182663, 0.05490667372941971, 0.05461661145091057, 0.058405451476573944, 0.0552230067551136, 0.053239963948726654, 0.05601951479911804, 0.05599218234419823, 0.05517389252781868, 0.05256505683064461, 0.053328707814216614, 0.05101504549384117, 0.053577713668346405, 0.052248865365982056, 0.050749022513628006, 0.04976532608270645, 0.051721781492233276, 0.051637955009937286, 0.051884327083826065, 0.04985228553414345, 0.052495867013931274, 0.05189651623368263, 0.0501999668776989, 0.04963462054729462, 0.04978263005614281, 0.04942991957068443, 0.04914182797074318, 0.04978019744157791, 0.050035469233989716, 0.052176810801029205, 0.05005233734846115, 0.050212111324071884, 0.04979949817061424, 0.04947252571582794, 0.049713924527168274], "lr": [0.0010000000474974513, 0.0010000000474974513, 0.0010000000474974513, 0.0010000000474974513, 0.0005000000237487257, 0.0005000000237487257, 0.0005000000237487257, 0.0002500000118743628, 0.0002500000118743628, 0.0002500000118743628, 0.0002500000118743628, 0.0002500000118743628, 0.0002500000118743628, 0.0002500000118743628, 0.0002500000118743628, 0.0002500000118743628, 0.0002500000118743628, 0.0002500000118743628, 0.0002500000118743628, 0.0001250000059371814, 0.0001250000059371814, 0.0001250000059371814, 0.0001250000059371814, 0.0001250000059371814, 6.25000029685907e-05, 6.25000029685907e-05, 6.25000029685907e-05, 6.25000029685907e-05, 6.25000029685907e-05, 6.25000029685907e-05, 6.25000029685907e-05, 6.25000029685907e-05, 6.25000029685907e-05, 6.25000029685907e-05, 3.125000148429535e-05, 3.125000148429535e-05, 3.125000148429535e-05, 1.5625000742147677e-05, 1.5625000742147677e-05, 1.5625000742147677e-05, 1.5625000742147677e-05, 1.5625000742147677e-05, 1.5625000742147677e-05, 1.5625000742147677e-05, 1.5625000742147677e-05, 7.812500371073838e-06, 7.812500371073838e-06, 7.812500371073838e-06, 3.906250185536919e-06, 3.906250185536919e-06]}